United States;;A Dozen Roses 
Russia;http://alarusse.ru/;A La Russe 
United States;http://www.alabonfire.com/;A Lab on Fire 
United States;http://www.aperfumeorganic.com/;A Perfume Organic 
United States;https://www.etsy.com/shop/wingandprayerperfume?ref=l2-shopheader-name;A Wing & A Prayer Perfumes 
United States;;A.B.R. Barlach 
France;http://www.prestigeparfums.com/;A.P. Durand Parfums 
United Kingdom;http://www.abahna.co.uk/;Abahna 
Saudi Arabia;http://www.asqgrp.com/;Abdul Samad Al Qurashi 
United States;http://www.abercrombie.com/anf/index.html;Abercrombie & Fitch 
United States;http://www.abinoam.com/;Abinoam 
France;http://absolument.net/;Absolument Parfemeur 
Italy;http://www.accakappa.it/;Acca Kappa 
Italy;;Accendis 
United Kingdom;http://www.monsoon.co.uk/;Accessorize 
France;;Accord Parfait 
France;http://www.acorelle.com/;Acorelle 
Italy;http://www.acquadellelba.it/eng/;Acqua dell Elba 
Italy;http://acquadellelanghe.it/;Acqua Delle Langhe 
Italy;http://www.acquadibiella.it/index.html;Acqua di Biella 
Italy;http://www.acquadigenova.it/;Acqua di Genova 
Italy;http://www.acquadimontisola.com/;Acqua di Montisola 
Italy;http://www.fragrantica.com/designers/www.acquadiparma.com/;Acqua di Parma 
Italy;http://www.acquadiportofino.it/;Acqua di Portofino 
Italy;http://www.acqua-di-stresa.com/;Acqua di Stresa 
Italy;;Acqua Novara 
Italy;http://acquareale.hanorah.com/;Acqua Reale 
Italy;http://acquediitalia.hanorah.com/;Acque di Italia 
United States;http://adamlevine-fragrances.com/;Adam Levine 
Netherlands;http://www.addyvandenkrommenacker.nl/;Addy van den Krommenacker 
United States;http://www.global.adidas.com/;Adidas 
France;http://www.geparlys.com/;Adnan B. 
Spain;http://www.adolfodominguez.es/;Adolfo Dominguez 
France;http://www.reserve-naturelle.com/;Adopt` by Reserve Naturelle 
France;http://www.adrianakarembeu.fr/;Adriana Karembeu 
Canada;http://www.adrienarpel.com/;Adrien Arpel 
Italy;http://www.adriennevittadini.com/;Adrienne Vittadini 
United States;http://www.aedes.com/;Aedes de Venustas 
United States;http://www.aerin.com/;Aerin Lauder 
United States;http://www.fragrantica.com/designers/www.aeropostale.com/Fragrance;Aeropostale 
Australia;http://www.aesop.net.au/;Aesop 
United States;http://www.fragrantica.com/designers/www.etsy.com/shop/AetherArtsPerfume;AetherArtsPerfume 
France;http://www.affinessence.com/;Affinessence 
United States;http://sinfulclothing.com/;Affliction 
United Arab Emirates (UAE);http://www.afnanperfumes.com/index.php;Afnan Perfumes 
United States;http://www.aftelier.com/;Aftelier 
France;http://www.arabiafelix.com/;Agallocha 
Aruba;http://www.agatha.com/;Agatha 
Spain;http://www.agatharuizdelaprada.com/;Agatha Ruiz de la Prada 
United Kingdom;http://www.agentprovocateur.com/;Agent Provocateur 
France;http://europe.agnesb.com/;Agnes B 
Sweden;http://www.agonistparfums.com/;Agonist 
Spain;http://www.aguadesevilla.es/;Agua de Sevilla 
Spain;http://www.agustindavila.com/;Agustin Davila 
United Arab Emirates (UAE);http://www.fragrantica.com/designers/www.parisgallery.com/;Ahjaar 
France;http://www.aimeedemars.com/;Aimee de Mars Parfums 
Spain;http://www.air-val.com/;Air-Val International 
France;http://www.airness.fr/;Airness 
Brazil;http://www.aishaperfumes.blogspot.com/;Aisha Perfumes by Neide Albano 
United Arab Emirates (UAE);http://www.ajmalperfume.com/;Ajmal 
United States;http://www.ajne.com/;Ajne 
United States;http://www.akonfragrances.com/;Akon 
United Arab Emirates (UAE);;Al Attar 
United Arab Emirates (UAE);http://www.albattash.com/;Al Battash Classic 
United Arab Emirates (UAE);http://www.fragrantica.com/designers/www.albattash.com;Al Battash Concepts 
United Arab Emirates (UAE);http://www.alharamainperfumes.com/;Al Haramain Perfumes 
Italy;http://kperfume.com/;Al Kimiya 
Saudi Arabia;http://www.almusbahperfume.com/;Al Musbah 
Qatar;http://www.aljazeeraperfumes.com/#!/page_home;Al-Jazeera Perfumes 
Saudi Arabia;http://www.al-rehab.com/;Al-Rehab 
France;http://www.alaia.fr/;Alaia Paris 
France;http://www.parisbleu.com/#/en/gamma/brands/alain-daniel/;Alain Daniel 
France;http://www.alaindelon.com/f/;Alain Delon 
Russia;http://www.aromata.ru/;Alan Bray 
United States;http://cummingthefragrance.com/index.html;Alan Cumming 
United States;;Albert Nipon 
Italy;http://www.albertaferretti.com/;Alberta Ferretti 
Italy;http://alchimista-store.com/;Alchimista 
Canada;http://www.aldoshoes.com/;ALDO 
Bulgaria;http://www.fragrantica.com/designers/www.alenmak.bg/;Alen Mak 
United Kingdom;;Alesha Dixon 
Germany;http://www.alessandro.de/;Alessandro 
Italy;;Alessandro Della Torre 
Italy;http://www.alessandrodellacqua.com/;Alessandro Dell` Acqua 
United Kingdom;;Alex Curran 
Germany;http://www.alexalixfeld.com/;Alexa Lixfeld 
United States;http://www.alexanderjulian.com/;Alexander Julian 
United Kingdom;http://www.alexandermcqueen.com/;Alexander McQueen 
United States;http://www.ademcosmetics.com/;Alexandra de Markoff 
France;http://www.alexandrebarthet.fr/;Alexandre Barthet 
France;http://alexandre-j.com/;Alexandre.J 
United States;http://www.fragrantica.com/designers/www.alfordandhoff.com;Alford & Hoff 
United Kingdom;http://www.dunhillfragrances.com/;Alfred Dunhill 
Canada;http://www.alfredsung.com/;Alfred Sung 
France;http://alicepeter.com/;Alice & Peter 
France;;Alicia Milor 
India;http://www.fragrantica.com/designers/allgoodscents.com;All Good Scents 
Russia;http://allaradio.ru/;Alla Pugacheva 
Italy;http://www.allegri.com/;Allegri 
Fragrances;;Alliance 
Denmark;http://www.dk.allison.dk/;Allison 
United States;http://www.alohabeauty.com/;Aloha Beauty 
Austria;;Alt-Innsbruck 
United Arab Emirates (UAE);http://www.altamodaperfumes.com/;Alta Moda 
Italy;;ALTAIA 
Spain;http://www.alvarezgomez.com/;Alvarez Gomez 
Germany;http://www.dm.de/;Alverde 
Italy;http://www.alvieromartini.it/;Alviero Martini 
Russia;;Alye Parusa 
Italy;http://www.alysonoldoiniparfums.com/;Alyson Oldoini 
United States;http://alyssaashley.com/;Alyssa Ashley 
United States;http://www.everythingamanda.com/;Amanda Lepore 
Brazil;http://www.amazoniaviva.com/;Amazonia Viva 
Brazil;http://www.amberfig.com.br/;Amberfig 
France;http://www.ambregris.com/;Ambregris 
United States;http://www.americanbeautycosmetics.com/;American Beauty 
United States;http://www.americancrew.com/;American Crew 
United States;http://www.ae.com/;American Eagle 
United States;http://www.americanidol.com/;American Idol 
United States;http://www.cwtv.com/shows/americas-next-top-model;America’s Next Top Model 
United States;http://www.amordadfragrance.com/;Amordad 
Oman;http://www.amouage.com/;Amouage 
United States;http://www.fragrantica.com/designers/www.amouroud.com;Amouroud 
United States;http://www.amway.com/;Amway 
United Kingdom;http://www.amychildsofficial.co.uk/;Amy Childs 
Brazil;http://www.anahickmann.com.br/;Ana Hickmann 
Spain;;Ana Rosa 
Portugal;http://www.anasalazar.pt/;Ana Salazar 
Germany;http://www.anamor-perfumes.de/;Anamor 
United States;http://starboxperfume.com/;Anastacia 
Germany;http://www.anatfritz.com/;Anat Fritz 
France;http://www.anatolelebreton.com/;Anatole Lebreton 
Sweden;http://www.stories.com/;And Other Stories 
France;http://andre-sinan.com/;Andre Sinan 
France;http://www.andreeputman.com/;Andree Putman 
United States;;Andy Warhol 
United Arab Emirates (UAE);http://www.anfasicdokhoon.com/;Anfasic Dokhoon 
United Arab Emirates (UAE);;Anfass 
Spain;http://www.angelschlesser.com/;Angel Schlesser 
Italy;http://www.angelaciampagna.com/;Angela Ciampagna 
United Kingdom;http://angelaflanders-perfumer.com/;Angela Flanders 
Italy;http://www.angelocaroli.com/;Angelo Caroli 
United Kingdom;http://www.anglia-perfumery.com/;Anglia Perfumery 
United States;http://www.shigenobutwilight.com/;Anicka Yi & Maggie Peng 
Indonesia;http://www.animale.com/;Animale 
Poland;http://www.anjarubik.com/content/home.php?p=1;Anja Rubik 
France;http://www.anngerard.com/;Ann Gerard 
France;http://ann-steeger.com/;Ann Steeger 
United States;http://www.anntaylor.com/;Ann Taylor 
Italy;http://www.annadellorusso.com/;Anna Dello Russo 
Italy;http://www.annapaghera.it/;Anna Paghera 
United States;http://www.annasui.com/;Anna Sui 
Russia;http://www.azperfumes.ru/;Anna Zworykina Perfumes 
Japan;http://www.annayake.fr/;Annayake 
France;;Anne de Cassignac 
France;http://www.annefontaine.com/;Anne Fontaine 
United States;http://www.anneklein.com/;Anne Klein 
United States;http://www.annepliska.com/;Anne Pliska 
Germany;http://www.borlind.com/;Annemarie Börlind 
France;http://www.annickgoutal.nl/;Annick Goutal 
United States;http://www.annieoakley.com/;Annie Oakley 
United States;http://shop.annikafragrance.com/main.sc;Annika Sorenstam 
United States;http://www.coeurdeglace.com/;Anthony Embry 
United States;http://anthony.com/;Anthony Logistics 
United States;http://www.anthousacollection.com/;Anthousa 
United States;http://www.anthropologie.com/;Anthropologie 
United States;http://www.anticafarmacista.com/;Antica Farmacista 
Portugal;http://www.100ml.pt/;Antiga Barbearia de Bairro 
France;http://www.antoineetlili.com/;Antoine & Lili 
United States;http://www.antoniasflowers.com/;Antonia's Flowers 
United States;http://www.antoniasflowers.com/;Antonia`s Flowers 
Italy;http://www.antonioalessandria.it/;Antonio Alessandria 
United States;http://www.antoniobanderasfragrances.com/;Antonio Banderas 
Italy;http://www.antoniofusco.it/;Antonio Fusco 
Spain;http://www.antoniomiro.es/;Antonio Miro 
Spain;http://www.antoniopuig.com/;Antonio Puig 
Italy;http://www.antoniovisconti.com/;Antonio Visconti 
Italy;http://www.anucci.com/;Anucci 
United States;http://anyasgarden.com/;Anya`s Garden 
Greece;http://www.apivita.com/au/;Apivita 
United States;http://www.apotekertepe.com/;Apoteker Tepe 
United States;http://www.ronrobinson.com/;Apothia 
Russia;http://www.unitop.ru/;Apple Parfums 
Germany;http://aprilaromatics.com/;April Aromatics 
United States;http://www.mirani.com/index.html;Aqaba 
Italy;;Aqua di Ponza 
Italy;http://www.florenceparfum.com/;Aquaflor Firenze 
Italy;http://www.aquolina.it/;Aquolina 
United Arab Emirates (UAE);http://www.fragrantica.com/parent-company/My%20Perfumes.html;Arabesque Perfumes 
Saudi Arabia;http://www.arabianoud.com/;Arabian Oud 
United Arab Emirates (UAE);;Arabiyat 
United States;http://www.elcompanies.com/;Aramis 
United States;http://www.arianagrandefragrances.com/;Ariana Grande 
Argentina;http://www.arkadiavirtual.com.ar/;Arkadia Sabores y Aromas de Autor 
United Arab Emirates (UAE);;Armaf 
Spain;http://www.armandbasi.com/;Armand Basi 
France;http://www.arnosorel.com/;Arno Sorel 
United States;http://www.aromam.com/;Aroma M 
United States;http://myaromachology.com/;Aromachology 
Lithuania;http://aromata.lt/;Aromata Mirabilia 
United States;http://www.arquiste.com/;Arquiste 
United Kingdom;http://www.arranaromatics.com/images/header/aaLogo2012.jpg;Arran Aromatics 
Italy;http://www.thefirst.it/data/prodotti_e/p1e.htm;Arrogance 
United Kingdom;;Arrogant Cat 
Russia;http://artdecoperfumes.ru/;Art Deco Perfumes 
Italy;http://www.profumi.de/;Art Landi Profumi 
France;http://www.artalep.com/;Artalep 
Italy;http://www.arteprofumi.it/;Arte Profumi 
Russia;http://www.fragrantica.com/designers/allaradio.ru;Artemis of Switzerland  
United States;http://artemisiaperfume.com/;Artemisia Natural Perfume 
Germany;http://www.artsandscents.com/;Arts&Scents 
France;http://www.arty-fragrance.com/;Arty Fragrance by Elisabeth de Feydeau 
United States;;A Dozen Roses 
Russia;http://alarusse.ru/;A La Russe 
United States;http://www.alabonfire.com/;A Lab on Fire 
United States;http://www.aperfumeorganic.com/;A Perfume Organic 
United States;https://www.etsy.com/shop/wingandprayerperfume?ref=l2-shopheader-name;A Wing & A Prayer Perfumes 
United States;;A.B.R. Barlach 
United Kingdom;http://www.abahna.co.uk/;Abahna 
